<?xml version="1.0" encoding="UTF-8"?>

<!--
  ~ Copyright 2018. AppDynamics LLC and its affiliates.
  ~ All Rights Reserved.
  ~ This is unpublished proprietary source code of AppDynamics LLC and its affiliates.
  ~ The copyright notice above does not evidence any actual or intended publication of such source code.
  -->

<monitor>
    <name>DBtoCustomSchemaMonitor</name>
    <type>managed</type>
    <enabled>true</enabled>
    <description>Run arbitary queries and monitor their return values</description>
    <monitor-configuration></monitor-configuration>
    <monitor-run-task>
        <execution-style>periodic</execution-style>
        <execution-frequency-in-seconds>60</execution-frequency-in-seconds>
        <name>DBtoCustomSchemaMonitor Task</name>
        <display-name>DBtoCustomSchemaMonitor Task</display-name>
        <description>DBtoCustomSchemaMonitor Task</description>
        <type>java</type>
        <execution-timeout-in-seconds>120</execution-timeout-in-seconds>
        <task-arguments>
            <!-- config file-->
            <argument name="config-file" is-required="true" default-value="monitors/DBtoCustomSchemaMonitor/config.yml"/>
        </task-arguments>
        <java-task>
            <!-- Use regular classpath foo.jar;bar.jar -->
            <!-- append JDBC driver jar like the following example:  -->
            <!-- <classpath>sql-monitoring-extension.jar;jar-file-t0-connect-to-db.jar</classpath> -->

            <classpath>sql-monitoring-extension.jar</classpath>

            <impl-class>com.appdynamics.extensions.db.DBtoCustomSchemaMonitor</impl-class>
        </java-task>
    </monitor-run-task>
</monitor>
